{
  "name": "qq-chat",
  "version": "9.9.18-32793",
  "private": true,
  "description": "QQ",
  "productName": "QQ",
  "author": {
    "name": "Tencent",
    "email": "QQ-Team@tencent.com"
  },
  "homepage": "https://im.qq.com",
  "sideEffects": true,
  "bin": {
    "qd": "externals/devtools/cli/index.js"
  },
  "appid": {
    "win32": "537258389",
    "darwin": "537258412",
    "linux": "537258424"
  },
  "main": "./LiteLoader_Launcher.js",
  "peerDependenciesMeta": {
    "*": {
      "optional": true
    }
  },
  "pnpm": {
    "patchedDependencies": {
      "@vue/runtime-dom@3.5.12": "patches/@vue__runtime-dom@3.5.12.patch",
      "@swc/helpers@0.5.3": "patches/@swc__helpers@0.5.3.patch",
      "vuex@4.1.0": "patches/vuex@4.1.0.patch"
    }
  },
  "buildVersion": "32793",
  "isPureShell": true,
  "isByteCodeShell": true,
  "platform": "win32",
  "eleArch": "x64"
}